#,Code[8],District[9],Headquarters,Population (2021),Area (km2),Density (/km2)[9]
1,AS,Alluri Sitharama Raju,Paderu,954000,12251,77.87
2,AK,Anakapalli,Anakapalli,1727000,4292,402.38
3,AN,Ananthapuramu,Ananthapuramu,2241100,10205,219.608
4,AM,Annamayya,Rayachoti,1697300,7954,213.389
5,BP,Bapatla,Bapatla,1587000,3829,414.47
6,CH,Chittoor,Chittoor,1873000,6855,273.23
7,KN,Dr. B.R. Ambedkar Konaseema,Amalapuram,1719100,2083,825.3
8,EG,East Godavari,Rajamahendravaram,1832300,2561,715.46
9,EL,Eluru,Eluru,2071700,6679,310.181
10,GU,Guntur,Guntur,2091000,2443,855.9
11,KK,Kakinada,Kakinada,2092300,3019,693.04
12,KR,Krishna,Machilipatnam,1735000,3775,459.602
13,KU,Kurnool,Kurnool,2271700,7980,284.67
14,NN,Nandyal,Nandyal,1781800,9682,184.032
15,NE,Nellore,Nellore,2469700,10441,236.0
16,NT,NTR,Vijayawada,2218000,3316,668.88
17,PL,Palnadu,Narasaraopet,2042000,7298,279.8
18,PM,Parvathipuram Manyam,Parvathipuram,925300,3659,252.88
19,PR,Prakasam,Ongole,2288000,14322,160.0
20,SR,Srikakulam,Srikakulam,2191471,4591,477.34
21,SS,Sri Sathya Sai,Puttaparthi,1840000,8925,206.2
22,TR,Tirupati,Tirupati,2197000,8231,241.72
23,VS,Visakhapatnam,Visakhapatnam,1959500,1048,1869.8
24,VZ,Vizianagaram,Vizianagaram,1930800,4122,468.41
25,WG,West Godavari,Bhimavaram,1780000,2178,817.3
26,CU,YSR Kadapa,Kadapa,2060700,11228,183.532
