#,Code[8],District[9],Headquarters,Population (2011),Area (km2),Density (/km2)[9]
1,AJ,Anjaw,Hawai,21089,6190,3
2,CH,Changlang,Changlang,147951,4662,32
3,EK,East Kameng,Seppa,78413,4134,19
4,ES,East Siang,Pasighat,99019,3603,27
5,– [b],Kamle,Raga,22256,200,111
6,– [c],Kra Daadi,Palin,22290,2202,10
7,KK,Kurung Kumey,Koloriang,89717,6040,15
8,– [d],Lepa Rada,Basar,–,–,–
9,EL,Lohit,Tezu,145538,2402,61
10,LD,Longding,Longding,60000,1200,50
11,DV,Lower Dibang Valley,Roing,53986,3900,14
12,– [e],Lower Siang,Likabali,22630,–,–
13,LB,Lower Subansiri,Ziro,82839,3508,24
14,– [f],Namsai,Namsai,95950,1587,60
15,– [g],Pakke-Kessang,Lemmi,15358,1932,7.9
16,PA,Papum Pare,Yupia,176385,2875,61
17,– [h],Shi Yomi,Tato,13310,2875,5
18,– [i],Siang,Boleng,31920,2919,11
19,TA,Tawang,Tawang,49950,2085,24
20,TI,Tirap,Khonsa,111997,2362,47
21,UD,Upper Dibang Valley,Anini,8004,9129,1
22,US,Upper Siang,Yingkiong,35289,6188,6
23,UB,Upper Subansiri,Daporijo,83205,7032,12
24,WK,West Kameng,Bomdila,87013,7422,12
25,WS,West Siang,Aalo,112272,8325,13
26,,Keyi Panyor,Yachuli,30000,,
27,,Bichom,Napangphung,9710,,
