#,Code[8],District[9],Headquarters,Population (2011),Area (km2),Density (/km2)[9]
1,BK,Baksa,Mushalpur,953773,2008,475
2,BJ,Bajali,Pathsala,253816,418,610
3,BP,Barpeta,Barpeta,1693622,3245,520
4,BN,Biswanath,Biswanath Chariali,612491,1415,430
5,BO,Bongaigaon,Bongaigaon,732639,1724,425
6,CA,Cachar,Silchar,1736319,3786,459
7,CD[a],Charaideo,Sonari,471418,1069,440
8,CH,Chirang,Kajalgaon,481818,1975,244
9,DR,Darrang,Mangaldoi,908090,1849,491
10,DM,Dhemaji,Dhemaji,688077,3237,213
11,DU,Dhubri,Dhubri,1948632,2838,687
12,DI,Dibrugarh,Dibrugarh,1327748,3381,393
13,NC,Dima Hasao,Haflong,213529,4888,44
14,GP,Goalpara,Goalpara,1008959,1824,553
15,GG,Golaghat,Golaghat,1058674,3502,302
16,HA,Hailakandi,Hailakandi,659260,1327,497
17,HJ,Hojai,Sankardev Nagar,931218,1686,550
18,JO,Jorhat,Jorhat,1091295,2851,383
19,KU,Kamrup,Amingaon,1517202,3480,436
20,KM,Kamrup Metropolitan,Guwahati,1260419,627,2010
21,KG,Karbi Anglong,Diphu,965280,10434,93
22,KR,Karimganj,Karimganj,1217002,1809,673
23,KJ,Kokrajhar,Kokrajhar,886999,3129,283
24,LA,Lakhimpur,North Lakhimpur,1040644,2277,457
25,MJ[b],Majuli,Garamur,167304,880,300
26,MA,Morigaon,Marigaon,957853,1704,562
27,NN,Nagaon,Nagaon,2826006,3831,738
28,NB,Nalbari,Nalbari,769919,1009,763
29,ST,Sivasagar,Sibsagar,1150253,2668,431
30,SO,Sonitpur,Tezpur,1925975,5324,362
31,SM[c],South Salmara-Mankachar,Hatsingimari,555114,568,980
32,TP,Tamulpur,Tamulpur,389150,884,440
33,TI,Tinsukia,Tinsukia,1316948,3790,347
34,UD,Udalguri,Udalguri,832769,1676,497
35,WK[d],West Karbi Anglong,Hamren,300320,3035,99
