#,Code[8],District[9],Headquarters,Population (2011),Area (km2),Density (/km2)[9]
1,– [a],Balod,Balod,826165,3527,234.0
2,– [b],Baloda Bazar,Baloda Bazar,1305343,4748,275.0
3,– [c],Balrampur-Ramanujganj,Balrampur,730491,3806,190.0
4,BA,Bastar,Jagdalpur,834873,4030,210.0
5,– [d],Bemetara,Bemetara,795759,2855,270.0
6,BJ,Bijapur,Bijapur,229832,6562,35.0
7,BI,Bilaspur,Bilaspur,1961922,3508,460.0
8,DA,Dantewada,Dantewada,533638,3411,59.0
9,DH,Dhamtari,Dhamtari,799199,2029,394.0
10,DU,Durg,Durg,1721726,2238,770.0
11,– [e],Gariaband,Gariaband,597653,5823,103.0
12,– [f],Gaurela-Pendra-Marwahi,Gaurela,336420,2307,150.0
13,JC,Janjgir-Champa,Janjgir,1620632,3848,421.0
14,JA,Jashpur,Jashpur Nagar,852043,5825,146.0
15,KW,Kabirdham,Kawardha,584667,4237,195.0
16,KK,Kanker,Kanker,748593,6513,115.0
17,– [g],Khairagarh-Chhuikhadan-Gandai,Khairagarh,368444,-,
18,– [h],Kondagaon,Kondagaon,578326,7768,74.0
19,KB,Korba,Korba,1206563,6615,183.0
20,KJ,Korea,Baikunthpur,659039,6578,100.0
21,MA,Mahasamund,Mahasamund,1032275,4779,216.0
22,MG[i],Manendragarh-Chirmiri-Bharatpur,Manendragarh,422248,1726.39,
23,MM[i],Mohla-Manpur-Ambagarh Chowki,Mohla,283947,-,
24,– [j],Mungeli,Mungeli,701707,2750,255.0
25,NR,Narayanpur,Narayanpur,140206,6640,20.0
26,RG,Raigarh,Raigarh,1493627,7068,211.0
27,RP,Raipur,Raipur,2160876,2892,750.0
28,RN,Rajnandgaon,Rajnandgaon,1537520,8062,191.0
29,SB[i],Sarangarh-Bilaigarh,Sarangarh,607434,-,
30,ST[i],Sakti,Sakti,653036,-,
31,SK[k],Sukma,Sukma,250159,5897,42.0
32,– [l],Surajpur,Surajpur,789043,2787,280.0
33,SJ,Surguja,Ambikapur,839661,3265,150.0
