#,Code[8],District[9],Headquarters,Population (2011)[31],Area (km2)[citation needed],Density (/km2)[9][32]
1,CD,Central Delhi,Daryaganj,582320,25.0,27730
2,ED,East Delhi,Preet Vihar,1709346,440.0,27132
3,ND,New Delhi,Connaught Place,142004,22.0,4057
4,NO,North Delhi,Sadar Bazaar,887978,59.0,14557
5,NE,North East Delhi,Seelampur,2241624,52.0,36155
6,NW,North West Delhi,Kanjhawala,3656539,130.0,8254
7,SH,Shahdara,Nand Nagri,–,59.75,–
8,SD,South Delhi,Saket,2731929,250.0,11060
9,SE,South East Delhi,Defence Colony,1500636,102.0,15000
10,SW,South West Delhi,Vasant Vihar,2292958,395.0,5446
11,WD,West Delhi,Rajouri Garden,2543243,112.0,19563
