#,Code[8],District[9],Headquarters,Population (2011),Area (km2),Density (/km2)[9]
1,AH,Ahmedabad,Ahmedabad,7208200,7170,890
2,AM,Amreli,Amreli,1513614,6760,205
3,AN,Anand,Anand,2090276,2942,711
4,AR,Aravalli,Modasa,1051746,3217,327
5,BK,Banaskantha,Palanpur,3116045,12703,290
6,BR,Bharuch,Bharuch,1550822,6524,238
7,BV,Bhavnagar,Bhavnagar,2877961,11155,288
8,BT,Botad,Botad,656005,2564,256
9,CU,Chhota Udaipur,Chhota Udaipur,1071831,3237,331
10,DA,Dahod,Dahod,2126558,3642,582
11,DG,Dang,Ahwa,226769,1764,129
12,DD,Devbhumi Dwarka,Khambhalia,752484,5684,132
13,GA,Gandhinagar,Gandhinagar,1387478,2163,660
14,GS,Gir Somnath,Veraval,1217477,3754,324
15,JA,Jamnagar,Jamnagar,2159130,14125,153
16,JU,Junagadh,Junagadh,2742291,8839,310
17,KH,Kheda,Nadiad,2298934,3667,541
18,KA,Kutch,Bhuj,2090313,45652,46
19,MH,Mahisagar,Lunavada,994624,2500,440
20,MA,Mehsana,Mehsana,2027727,4386,462
21,MB,Morbi,Morbi,960329,4871,197
22,NR,Narmada,Rajpipla,590379,2749,214
23,NV,Navsari,Navsari,1330711,2211,602
24,PM,Panchmahal,Godhra,2388267,5219,458
25,PA,Patan,Patan,1342746,5738,234
26,PO,Porbandar,Porbandar,586062,2294,255
27,RA,Rajkot,Rajkot,3157676,11203,282
28,SK,Sabarkantha,Himatnagar,2427346,7390,328
29,ST,Surat,Surat,6081322,4418,953
30,SN,Surendranagar,Surendranagar,1755873,10489,167
31,TA,Tapi,Vyara,806489,3435,249
32,VD,Vadodara,Vadodara,3639775,4312,467
33,VL,Valsad,Valsad,1703068,3034,561
34,–,Vav-Tharad,Tharad,1380870,6527,220
