#,Code[8],District[9],Headquarters,Population (2011),Area (km2),Density (/km2)[9]
1,AN,Anantnag,Anantnag,1070144,2853,375
2,BD,Budgam,Budgam,735753,1406,537
3,BPR,Bandipore,Bandipore,385099,3010,128
4,BR,Baramulla,Baramulla,1015503,3329,305
5,DO,Doda,Doda,409576,2625,79
6,GB,Ganderbal,Ganderbal,297003,1979,151
7,JA,Jammu,Jammu,1526406,3097,596
8,KT,Kathua,Kathua,615711,2651,232
9,KW,Kishtwar,Kishtwar,230696,7737,30
10,KG,Kulgam,Kulgam,422786,457,925
11,KU,Kupwara,Kupwara,875564,2379,368
12,PO,Poonch,Poonch,476820,1674,285
13,PU,Pulwama,Pulwama,570060,1398,598
14,RA,Rajouri,Rajouri,619266,2630,235
15,RB,Ramban,Ramban,283313,1330,213
16,RS,Reasi,Reasi,314714,1710,184
17,SB,Samba,Samba,318611,913,318
18,SH,Shopian,Shopian,265960,312,852
19,SR,Srinagar,Srinagar,1269751,2228,703
20,UD,Udhampur,Udhampur,555357,4550,211
