#,Code[8],District[9],Headquarters,Population (2011),Area (km2),Density (/km2)[9]
1,BO,Bokaro,Bokaro,2061918,2883,716
2,CH,Chatra,Chatra,1042304,3700,275
3,DE,Deoghar,Deoghar,1491879,2479,602
4,DH,Dhanbad,Dhanbad,2682662,2040,1316
5,DU,Dumka,Dumka,1321096,4404,300
6,ES,East Singhbhum,Jamshedpur,2291032,3562,648
7,GA,Garhwa,Garhwa,1322387,4064,327
8,GI,Giridih,Giridih,2445203,4887,497
9,GO,Godda,Godda,1311382,2110,622
10,GU,Gumla,Gumla,1025656,5360,191
11,HA,Hazaribag,Hazaribag,1734495,3555,488
12,JA,Jamtara,Jamtara,790207,1802,439
13,KH,Khunti,Khunti,530299,2535,210
14,KO,Koderma,Koderma,716259,2540,282
15,LA,Latehar,Latehar,725673,3630,200
16,LO,Lohardaga,Lohardaga,461738,1502,307
17,PK,Pakur,Pakur,899200,1805,498
18,PL,Palamu,Daltonganj,1936319,4393,442
19,RM,Ramgarh,Ramgarh,949159,1341,708
20,RA,Ranchi,Ranchi,2912022,5097,572
21,SA,Sahibganj,Sahebganj,1150038,2063,558
22,SK,Seraikela-Kharsawan,Seraikela,1063458,2657,401
23,SI,Simdega,Simdega,599813,3750,160
24,WS,West Singhbhum,Chaibasa,1501619,7224,209
