#,Code[8],District[9],Headquarters,Population (2011),Area (km2),Density (/km2)[9]
1,BK,Bagalkot,Bagalkote,1890826,6583,288
2,BL,Ballari,Ballari,1400970,4252,330
3,BG,Belagavi,Belgaum,4778439,13415,356
4,BR,Bangalore Rural,Bangalore,987257,2239,441
5,BN,Bangalore Urban,Bangalore,9588910,2190,4378
6,BD,Bidar,Bidar,1700018,5448,312
7,CJ,Chamarajanagar,Chamarajanagar,1020962,5102,200
8,CK,Chikkaballapur,Chikkaballapur,1254377,4208,298
9,CK,Chikmagalur,Chikmagalur,1137753,7201,158
10,CT,Chitradurga,Chitradurga,1660378,8437,197
11,DK,Dakshina Kannada,Mangalore,2083625,4559,457
12,DA,Davanagere,Davangere,1643494,4460,370
13,DH,Dharwad,Dharwad,1846993,4265,434
14,GA,Gadaga,Gadag-Betageri,1065235,4651,229
15,GU,Kalaburagi,Kalaburagi,2564892,10990,233
16,HS,Hassan,Hassan,1776221,6814,261
17,HV,Haveri,Haveri,1598506,4825,331
18,KD,Kodagu,Madikeri,554762,4102,135
19,KL,Kolar,Kolar,1540231,4012,384
20,KP,Koppal,Koppal,1391292,5565,250
21,MA,Mandya,Mandya,1808680,4961,365
22,MY,Mysore,Mysore,2994744,6854,437
23,RA,Raichur,Raichur,1924773,6839,228
24,RM,Ramanagara,Ramanagara,1082739,3573,303
25,SH,Shimoga,Shimoga,1755512,8495,207
26,TU,Tumakuru,Tumakuru,2681449,10598,253
27,UD,Udupi,Udupi,1177908,3879,304
28,UK,Uttara Kannada,Karwar,1353299,10291,132
29,,Vijayanagara,Hospete,1353628,5644,240
30,BJ,Bijapur,Bijapur,2175102,10517,207
31,YG,Yadgir,Yadgir,1172985,5225,224
