#,Code[8],District[9],Headquarters,Population (2011),Area (km2)[16],Density (/km2)[9]
1,AL,Alappuzha,Alappuzha,2121943,1415,1501
2,ER,Ernakulam,Kakkanad,3279860,3063,1069
3,ID,Idukki,Painavu,1107453,4356,254
4,KN,Kannur,Kannur,2525637,2961,852
5,KS,Kasaragod,Kasaragod,1302600,1989,654
6,KL,Kollam,Kollam,2629703,2483,1056
7,KT,Kottayam,Kottayam,1979384,2206,896
8,KZ,Kozhikode,Kozhikode,3089543,2345,1318
9,MA,Malappuram,Malappuram,4110956,3554,1058
10,PL,Palakkad,Palakkad,2810892,4482,627
11,PT,Pathanamthitta,Pathanamthitta,1195537,2652,453
13,TV,Thiruvananthapuram,Thiruvananthapuram,3307284,2189,1509
12,TS,Thrissur,Thrissur,3110327,3027,1026
14,WA,Wayanad,Kalpetta,816558,2130,383
