#,Code[8],District[9],Headquarters,Population (2011),Area (km2),Density (/km2)[9]
1,AH,Ahmednagar,Ahmednagar,4543083,17048,266
2,AK,Akola,Akola,1818617,5429,321
3,AM,Amravati,Amravati,2887826,12235,237
4,AU,Aurangabad,Aurangabad,3695928,10107,365
5,BI,Beed,Beed,2585962,10693,242
6,BH,Bhandara,Bhandara,1198810,3890,293
7,BU,Buldhana,Buldhana,2588039,9661,268
8,CH,Chandrapur,Chandrapur,2194262,11443,192
9,OS,Osmanabad,Osmanabad,1660311,7569,219
10,DH,Dhule,Dhule,2048781,8095,285
11,GA,Gadchiroli,Gadchiroli,1071795,14412,74
12,GO,Gondia,Gondia,1322331,5431,253
13,HI,Hingoli,Hingoli,1178973,4526,244
14,JG,Jalgaon,Jalgaon,4224442,11765,359
15,JN,Jalna,Jalna,1958483,7718,255
16,KO,Kolhapur,Kolhapur,3874015,7685,504
17,LA,Latur,Latur,2455543,7157,343
18,MC,Mumbai City,Mumbai,3145966,157,20036
19,MU,Mumbai Suburban,Bandra (East),9332481,446,21000
20,ND,Nanded,Nanded,3356566,10528,319
21,NB,Nandurbar,Nandurbar,1646177,5055,276
22,NG,Nagpur,Nagpur,4653171,9892,470
23,NS,Nashik,Nashik,6109052,15539,393
24,PL,Palghar,Palghar,2990116,5344,560
25,PA,Parbhani,Parbhani,1835982,6511,295
26,PU,Pune,Pune,9426959,15643,603
27,RG,Raigad,Alibag,2635394,7152,368
28,RT,Ratnagiri,Ratnagiri,1612672,8208,196
29,SN,Sangli,Sangli,2820575,8572,329
30,ST,Satara,Satara,3003922,10475,287
31,SI,Sindhudurg,Oros,848868,5207,163
32,SO,Solapur,Solapur,4315527,14895,290
33,TH,Thane,Thane,8070032,4214,1915
34,WR,Wardha,Wardha,1296157,6309,205
35,WS,Washim,Washim,1196714,5155,244
36,YA,Yavatmal,Yavatmal,2775457,13582,204
