#,Code[8],District[9],Headquarters,Population (2011),Area (km2),Density (/km2)[9]
1,BPR,Bishnupur,Bishnupur,240363,496,415
2,CDL,Chandel,Chandel,144028,2100,37
3,CCpr,Churachandpur,Churachandpur,271274,2392,50
4,IE,Imphal East,Porompat,452661,497,555
5,IW,Imphal West,Lamphelpat,514683,519,847
6,JBM,Jiribam,Jiribam,43818,182,190
7,KAK,Kakching,Kakching,135481,190,710
8,KJ,Kamjong,Kamjong,45616,2338,23
9,KPI,Kangpokpi,Kangpokpi,193744,1698,110
10,NL,Noney,Noney (Longmai),–,1076,–
11,PZ,Pherzawl,Pherzawl,47250,2128,21
12,SE,Senapati,Senapati,354772,1573,116
13,TML,Tamenglong,Tamenglong,140143,3315,25
14,TNL,Tengnoupal,Tengnoupal,59110,1213,49
15,TBL,Thoubal,Thoubal,420517,324,713
16,UKR,Ukhrul,Ukhrul,183115,2206,31
