#,Code[8],District[9],Headquarters,Population (2011),Area (km2),Density (/km2)[9]
1,EG,East Garo Hills,Williamnagar,317618,2603,121
2,–,East Jaintia Hills,Khliehriat,122436,2115,58
3,EK,East Khasi Hills,Shillong,824059,2752,292
4,–,Eastern West Khasi Hills,Mairang,131451,1356,97
5,–,North Garo Hills,Resubelpara,118325,1113,106
6,RB,Ri Bhoi,Nongpoh,258380,2378,109
7,SG,South Garo Hills,Baghmara,142574,1850,77
8,–,South West Garo Hills,Ampati,172495,822,210
9,–,South West Khasi Hills,Mawkyrwat,110152,1341,82
10,WG,West Garo Hills,Tura,642923,3714,173
11,WJ,West Jaintia Hills,Jowai,270352,1693,160
12,WK,West Khasi Hills,Nongstoin,385601,5247,73
