#,Code[8],District[9],Headquarters,Population (2011),Area (km2),Density (/km2)[9]
1,–,Chümoukedima,Chümoukedima,125400,570.0,220
2,DI,Dimapur,Dimapur,379769,926.0,410
3,KI,Kiphire,Kiphire,74033,1255.0,66
4,KO,Kohima,Kohima,270063,1041.0,213
5,LO,Longleng,Longleng,50593,885.0,89
6,MK,Mokokchung,Mokokchung,193171,1615.0,120
7,MN,Mon,Mon,259604,1786.0,145
8,–,Niuland,Niuland,42287,483.63,87
9,–,Noklak,Noklak,59300,1152.0,51
10,PE,Peren,Peren,163294,2300.0,55
11,PH,Phek,Phek,163294,2026.0,81
12,–,Shamator,Shamator,34223,469.0,73
13,–,Tseminyü,Tseminyü,63629,256.0,249
14,TU,Tuensang,Tuensang,414801,4228.0,98
15,WO,Wokha,Wokha,166239,1628.0,120
16,ZU,Zunheboto,Zunheboto,141014,1255.0,112
