#,Code[8],District[9],Headquarters,Population (2011),Area (km2),Density (/km2)[9]
1,AN,Angul,Angul,1271703,6232.0,199
2,BD,Boudh,Boudh,439917,3098.0,142
3,BH,Bhadrak,Bhadrak,1506522,2505.0,601
4,BL,Balangir,Balangir,1648574,6575.0,251
5,BR,Bargarh,Bargarh,1478833,5837.0,253
6,BW,Balasore,Balasore,2317419,3634.0,609
7,CU,Cuttack,Cuttack,2618708,3932.0,666
8,DE,Debagarh,Debagarh,312164,2781.0,106
9,DH,Dhenkanal,Dhenkanal,1192948,4452.0,268
10,GN,Ganjam,Chhatrapur,3529031,8206.0,430
11,GP,Gajapati,Paralakhemundi,575880,3850.0,133
12,JH,Jharsuguda,Jharsuguda,579499,2081.0,274
13,JP,Jajpur,Jajpur,1826275,2888.0,630
14,JS,Jagatsinghpur,Jagatsinghpur,1136604,1759.0,681
15,KH,Khordha,Khordha,2251673,2813.0,800
16,KJ,Kendujhar,Kendujhar,1802777,8240.0,217
17,KL,Kalahandi,Bhawanipatna,1573054,7920.0,199
18,KN,Kandhamal,Phulbani,731952,8021.0,91
19,KO,Koraput,Koraput,1376934,8807.0,156
20,KP,Kendrapara,Kendrapara,1439891,2644.0,545
21,ML,Malkangiri,Malkangiri,612727,5791.0,106
22,MY,Mayurbhanj,Baripada,2513895,10418.0,241
23,NB,Nabarangpur,Nabarangpur,1218762,5294.0,230
24,NU,Nuapada,Nuapada,606490,3408.0,157
25,NY,Nayagarh,Nayagarh,962215,3890.0,247
26,PU,Puri,Puri,1697983,3051.0,488
27,RA,Rayagada,Rayagada,961959,7584.7,136
28,SA,Sambalpur,Sambalpur,1044410,6702.0,158
29,SO,Subarnapur,Subarnapur,652107,2284.0,279
30,SU,Sundargarh,Sundergarh,2080664,9712.0,214
