#,Code[8],District[9],Headquarters,Population (2011),Area (km2),Density (/km2)[9]
1,AM,Amritsar,Amritsar,2490891,2673,932
2,BNL,Barnala,Barnala,596294,1423,419
3,BA,Bathinda,Bathinda,1388859,3355,414
4,FR,Faridkot,Faridkot,618008,1472,424
5,FT,Fatehgarh Sahib,Fatehgarh Sahib,599814,1180,508
6,FA,Fazilka[a],Fazilka,1180483,3113,379
7,FI,Firozpur,Firozpur,2026831,5334,380
8,GU,Gurdaspur,Gurdaspur,2299026,3542,649
9,HO,Hoshiarpur,Hoshiarpur,1582793,3397,466
10,JA,Jalandhar,Jalandhar,2181753,2625,831
11,KA,Kapurthala,Kapurthala,817668,1646,501
12,LU,Ludhiana,Ludhiana,3487882,3744,975
13,ML,Malerkotla,Malerkotla,429754,684,629
14,MA,Mansa,Mansa,768808,2174,350
15,MO,Moga,Moga,992289,2235,444
16,PA,Pathankot,Pathankot,626154,929,674
17,PA,Patiala,Patiala,2892282,3175,596
18,RU,Rupnagar,Rupnagar,683349,1400,488
19,SAS,Sahibzada Ajit Singh Nagar,Sahibzada Ajit Singh Nagar,986147,1188,830
20,SA,Sangrur,Sangrur,1654408,3685,449
21,PB,Shahid Bhagat Singh Nagar,Nawanshahr,614362,1283,479
22,MU,Sri Muktsar Sahib,Sri Muktsar Sahib,902702,2596,348
23,TT,Tarn Taran,Tarn Taran Sahib,1120070,2414,464
