#,Code[8],District[9],Headquarters,Population (2011),Area (km2),Density (/km2)[9]
1,AJ,Ajmer,Ajmer,2584913.0,8481.0,305.0
2,AL,Alwar,Alwar,3671999.0,8380.0,438.0
3,BA,Balotra,Balotra,970760.0,19000.0,51.0
4,BN,Banswara,Banswara,1798194.0,5037.0,399.0
5,BR,Baran,Baran,1223921.0,6955.0,175.0
6,BM,Barmer,Barmer,2604453.0,28387.0,92.0
7,BE,Beawar,Beawar,,,
8,BP,Bharatpur,Bharatpur,2549121.0,5066.0,503.0
9,BW,Bhilwara,Bhilwara,2410459.0,10455.0,230.0
10,BI,Bikaner,Bikaner,2367745.0,27244.0,78.0
11,BU,Bundi,Bundi,1113725.0,5550.0,193.0
12,CT,Chittorgarh,Chittorgarh,1544392.0,10856.0,193.0
13,CR,Churu,Churu,2041172.0,16830.0,148.0
14,DA,Dausa,Dausa,1637226.0,3429.0,476.0
15,-,Deeg,Deeg,1072755.0,,
16,DH,Dholpur,Dholpur,1207293.0,3084.0,398.0
17,DK,Didwana Kuchaman,Didwana,1625837.0,,239.0
18,DU,Dungarpur,Dungarpur,1388906.0,3771.0,368.0
19,HA,Hanumangarh,Hanumangarh,1779650.0,9670.0,184.0
20,JP,Jaipur,Jaipur,6626178.0,11143.0,595.0
21,JS,Jaisalmer,Jaisalmer,672008.0,38401.0,17.0
22,JL,Jalore,Jalore,1830151.0,10640.0,172.0
23,JW,Jhalawar,Jhalawar,1411327.0,6219.0,227.0
24,JJ,Jhunjhunu,Jhunjhunu,2139658.0,5928.0,361.0
25,JO,Jodhpur,Jodhpur,3685681.0,22850.0,161.0
26,KA,Karauli,Karauli,1458459.0,5530.0,264.0
27,KT,Khairthal-Tijara,Khairthal,966821.0,,
28,KO,Kota,Kota,1950491.0,5446.0,374.0
29,KP,Kotputli-Behror,Kotputli,,,
30,,Nagaur,Nagaur,3309234.0,17718.0,187.0
31,PA,Pali,Pali,2038533.0,12387.0,165.0
32,PH,Phalodi,Phalodi,,,
33,PG,Pratapgarh,Pratapgarh,867848.0,4112.0,211.0
34,RA,Rajsamand,Rajsamand,1158283.0,3853.0,302.0
35,-,Salumbar,Salumbar,,,
36,SM,Sawai Madhopur,Sawai Madhopur,1338114.0,4500.0,257.0
37,SK,Sikar,Sikar,2677737.0,7732.0,346.0
38,SR,Sirohi,Sirohi,1037185.0,5136.0,202.0
39,GA,Sri Ganganagar,Sri Ganganagar,1969520.0,10990.0,179.0
40,TO,Tonk,Tonk,1421711.0,7194.0,198.0
41,UD,Udaipur,Udaipur,3067549.0,13430.0,242.0
