#,Code[8],District[9],Headquarters,Population (2011),Area (km2),Density (/km2)[9]
1,AD,Adilabad,Adilabad,708952,4185.97,171
2,BK,Bhadradri Kothagudem,Kothagudem,1304811,8951.0,143
3,–,Hanamkonda,Hanamkonda,1135707,1304.5,826
4,HY,Hyderabad,Hyderabad,3943323,217.0,18172
5,–,Jagtial,Jagtial,983414,3043.23,407
6,–,Jangaon,Jangaon,582457,2187.5,259
7,–,Jayashankar Bhupalpally,Bhupalpally,712257,6361.7,115
8,–,Jogulamba Gadwal,Gadwal,664971,2928.0,208
9,–,Kamareddy,Kamareddy,972625,3651.0,266
10,KA,Karimnagar,Karimnagar,1016063,2379.07,473
11,KH,Khammam,Khammam,1401639,4453.0,321
12,–,Kumuram Bheem Asifabad,Asifabad,515835,4300.16,106
13,–,Mahabubabad,Mahabubabad,770170,2876.7,269
14,MA,Mahbubnagar,Mahbubnagar,1318110,4037.0,281
15,–,Mancherial,Mancherial,807037,4056.36,201
16,ME,Medak,Medak,767428,2740.89,275
17,–,Medchal–Malkajgiri,Shamirpet,2542203,5005.98,2251
18,–,Mulugu,Mulugu,294671,3881.0,124
19,,Nalgonda,Nalgonda,1631399,2449.79,227
20,–,Nagarkurnool,Nagarkurnool,893308,6545.0,124
21,–,Narayanpet,Narayanpet,566874,2336.44,243
22,–,Nirmal,Nirmal,709415,3562.51,185
23,NI,Nizamabad,Nizamabad,1534428,4153.0,366
24,–,Peddapalli,Peddapalli,795332,4614.74,356
25,–,Rajanna Sircilla,Sircilla,546121,2030.89,273
26,RA,Ranga Reddy,Hyderabad,2551731,5031.0,486
27,–,Sangareddy,Sangareddy,1527628,4464.87,347
28,–,Siddipet,Siddipet,993376,3425.19,279
29,–,Suryapet,Suryapet,1099560,3374.47,305
30,–,Vikarabad,Vikarabad,881250,3385.0,274
31,–,Wanaparthy,Wanaparthy,751553,2938.0,268
32,WL,Warangal,Warangal,716457,2175.5,330
33,–,Yadadri Bhuvanagiri,Bhongir,726465,3091.48,239
