#,Code[8],District[9],Headquarters,Population (2011),Area (km2),Density (/km2)[9]
1,AG,Agra,Agra,4380793,4027,1084
2,AL,Aligarh,Aligarh,3673849,3747,1007
3,AN,Ambedkar Nagar,Akbarpur,2398709,2372,1021
4,AM,Amethi,Gauriganj,2549935,3063,830
5,JP,Amroha,Amroha,1838771,2321,818
6,AU,Auraiya,Auraiya,1372287,2051,681
7,FZ,Ayodhya,Ayodhya,2468371,2765,1054
8,AZ,Azamgarh,Azamgarh,4616509,4053,1139
9,BG,Bagpat,Baghpat,1302156,1345,986
10,BH,Bahraich,Bahraich,2384239,4926,415
11,BL,Ballia,Ballia,3223642,2981,1081
12,BP,Balrampur,Balrampur,2149066,3349,642
13,BN,Banda,Banda,1799541,4413,404
14,BB,Barabanki,Barabanki,3257983,3825,739
15,BR,Bareilly,Bareilly,4465344,4120,1084
16,BS,Basti,Basti,2461056,2687,916
17,BH,Bhadohi,Gyanpur,1554203,960,1531
18,BI,Bijnor,Bijnor,3683896,4561,808
19,BD,Budaun,Budaun,3712738,5168,718
20,BU,Bulandshahr,Bulandshahr,3498507,3719,788
21,CD,Chandauli,Chandauli,1952713,2554,768
22,CT,Chitrakoot,Karwi,990626,3202,315
23,DE,Deoria,Deoria,3098637,2535,1220
24,ET,Etah,Etah,1761152,2456,717
25,EW,Etawah,Etawah,1579160,2287,683
26,FR,Farrukhabad,Fatehgarh,1887577,2279,865
27,FT,Fatehpur,Fatehpur,2632684,4152,634
28,FI,Firozabad,Firozabad,2496761,2361,1044
29,GB,Gautam Buddha Nagar,Noida,1674714,1269,1252
30,GZ,Ghaziabad,Ghaziabad,4661452,1175,3967
31,GP,Ghazipur,Ghazipur,3622727,3377,1072
32,GN,Gonda,Gonda,3431386,4425,857
33,GR,Gorakhpur,Gorakhpur,4436275,3325,1336
34,HM,Hamirpur,Hamirpur,1104021,4325,268
35,PN,Hapur,Hapur,1338211,660,2028
36,HR,Hardoi,Hardoi,4091380,5986,683
37,HT,Hathras,Hathras,1565678,1752,851
38,JL,Jalaun,Orai,1670718,4565,366
39,JU,Jaunpur,Jaunpur,4476072,4038,1108
40,JH,Jhansi,Jhansi,2000755,5024,398
41,KJ,Kannauj,Kannauj,1658005,1993,792
42,KD,Kanpur Dehat,Akbarpur,1795092,3021,594
43,KN,Kanpur Nagar,Kanpur,4572951,3156,1415
44,KR,Kasganj,Kasganj,1438156,1955,736
45,KS,Kaushambi,Manjhanpur,1596909,1837,897
46,KU,Kushinagar,Padrauna,3560830,2909,1226
47,LK,Lakhimpur Kheri,Lakhimpur,4013634,7674,523
48,LA,Lalitpur,Lalitpur,1218002,5039,242
49,LU,Lucknow,Lucknow,4588455,2528,1815
50,MG,Maharajganj,Maharajganj,2665292,2953,903
51,MH,Mahoba,Mahoba,876055,2847,288
52,MP,Mainpuri,Mainpuri,1847194,2760,670
53,MT,Mathura,Mathura,2541894,3333,761
54,MB,Mau,Mau,2205170,1713,1287
55,ME,Meerut,Meerut,3447405,2522,1342
56,MI,Mirzapur,Mirzapur,2494533,4522,561
57,MO,Moradabad,Moradabad,4773138,3718,1284
58,MU,Muzaffarnagar,Muzaffarnagar,4138605,4008,1033
59,PI,Pilibhit,Pilibhit,2037225,3499,567
60,PR,Pratapgarh,Pratapgarh,3173752,3717,854
61,AH,Prayagraj,Prayagraj,5959798,5481,1087
62,RB,Raebareli,Raebareli,3404004,4609,739
63,RA,Rampur,Rampur,2335398,2367,987
64,SA,Saharanpur,Saharanpur,3464228,3689,939
65,SM,Sambhal,Sambhal,2217020,2453,890
66,SK,Sant Kabir Nagar,Khalilabad,1714300,1442,1014
67,SJ,Shahjahanpur,Shahjahanpur,3002376,4575,673
68,SH,Shamli[17],Shamli,1274815,1063,1200
69,SV,Shravasti,Shravasti,1114615,1948,572
70,SN,Siddharthnagar,Naugarh,2553526,2751,882
71,SI,Sitapur,Sitapur,4474446,5743,779
72,SO,Sonbhadra,Robertsganj,1862612,6788,274
73,SU,Sultanpur,Sultanpur,3790922,4436,855
74,UN,Unnao,Unnao,3110595,4561,682
75,VA,Varanasi,Varanasi,3682194,1535,2399
