#,Code[8],District[9],Headquarters,Population (2011),Area (km2),Density (/km2)[9]
1,AL,Almora,Almora,621927,3090,198
2,BA,Bageshwar,Bageshwar,259840,2310,116
3,CL,Chamoli,Gopeshwar,391114,7692,49
4,CP,Champawat,Champawat,259315,1781,147
5,DD,Dehradun,Dehradun,1698560,3088,550
6,HA,Haridwar,Haridwar,1927029,2360,817
7,,Nainital,Nainital,955128,3853,225
8,PG,Pauri Garhwal,Pauri,686527,5438,129
9,PI,Pithoragarh,Pithoragarh,485993,7110,69
10,RP,Rudraprayag,Rudraprayag,236857,1896,119
11,TG,Tehri Garhwal,New Tehri,616409,4085,169
12,US,Udham Singh Nagar,Rudrapur,1648367,2912,648
13,UT,Uttarkashi,Uttarkashi,329686,7951,41
